{
    "pat_scream_1": {"category": "master","sounds": [{"name": "pat_scream_1","stream": false}]},
	"jen_scream_1": {"category": "master","sounds": [{"name": "jen_scream_1","stream": false}]},
	"ninjamaster_hurt": {"category": "master","sounds": [{"name": "ninjamaster_hurt","stream": false}]},
	"ninjamaster_attack": {"category": "master","sounds": [{"name": "ninjamaster_attack","stream": false}]},
	"captaincookie_hurt": {"category": "master","sounds": [{"name": "captaincookie_hurt","stream": false}]},
	"captaincookie_death": {"category": "master","sounds": [{"name": "captaincookie_death","stream": false}]},
	"cookie_cd": {"category": "record","sounds": [{"name": "cookie_cd","stream": true}]},
	"candyman_hurt": {"category": "master","sounds": [{"name": "candyman_hurt","stream": false}]},
	"candyman_death": {"category": "master","sounds": [{"name": "candyman_death","stream": false}]},
	"fartbomb_1": {"category": "master","sounds": [{"name": "fartbomb_1","stream": false}]},
	"fartbomb_2": {"category": "master","sounds": [{"name": "fartbomb_2","stream": false}]},
	"fartbomb_3": {"category": "master","sounds": [{"name": "fartbomb_3","stream": false}]},
	"fartbomb_4": {"category": "master","sounds": [{"name": "fartbomb_4","stream": false}]},
	"fartbomb_5": {"category": "master","sounds": [{"name": "fartbomb_5","stream": false}]},
	"fartbomb_6": {"category": "master","sounds": [{"name": "fartbomb_6","stream": false}]},
	"clown_say": {"category": "master","sounds": [{"name": "clown_say","stream": false}]},
	"clown_hurt": {"category": "master","sounds": [{"name": "clown_hurt","stream": false}]},
	"clown_death": {"category": "master","sounds": [{"name": "clown_death","stream": false}]},
	"block_squish": {"category": "master","sounds": [{"name": "block_squish","stream": false}]},
	"sparky_death": {"category": "master","sounds": [{"name": "sparky_death","stream": false}]},
	"sparky_hurt": {"category": "master","sounds": [{"name": "sparky_hurt","stream": false}]},
	"sparky_growl": {"category": "master","sounds": [{"name": "sparky_growl","stream": false}]},
	"sparky_bark": {"category": "master","sounds": [{"name": "sparky_bark","stream": false}]},
	"sparky_whine": {"category": "master","sounds": [{"name": "sparky_whine","stream": false}]},
	"pat_staff_thunder": {"category": "master","sounds": [{"name": "pat_staff_thunder","stream": false}]},
	"jen_staff_thunder": {"category": "master","sounds": [{"name": "jen_staff_thunder","stream": false}]}
	}